Predicted_packets_per_sec,Actual_packets_per_sec,Packet_size,Protocol,Bandwidth_bps
48.312485,49.0,313,RTMPT,120974.46179199219
48.312485,49.0,289,RTMPT,111698.46472167969
48.312485,49.0,283,RTMPT,109379.46545410156
48.312485,49.0,284,RTMPT,109765.96533203125
48.312485,49.0,253,RTMPT,97784.46911621094
48.312485,49.0,1433,RTMPT,553854.3250732422
48.312485,49.0,269,RTMPT,103968.46716308594
48.312485,49.0,265,RTMPT,102422.46765136719
48.312485,49.0,511,RTMPT,197501.4376220703
48.312485,49.0,1285,RTMPT,496652.34313964844
48.312485,49.0,668,RTMPT,258181.91845703125
48.312485,49.0,284,RTMPT,109765.96533203125
48.312485,46.0,1483,RTMPT,573179.3189697266
48.312485,46.0,279,RTMPT,107833.46594238281
48.312485,46.0,246,RTMPT,95078.96997070312
48.312485,46.0,280,RTMPT,108219.9658203125
48.312485,46.0,268,RTMPT,103581.96728515625
48.018948,46.0,1268,RTMPT,487104.20446777344
47.679676,46.0,650,RTMPT,247934.31549072266
47.346943,46.0,293,RTMPT,110981.23416137695
47.044598,46.0,1514,RTMPT,569804.1664428711
46.78082,46.0,79,RTMPT,29565.477569580078
46.55435,46.0,267,RTMPT,99440.09545898438
46.358788,46.0,297,RTMPT,110148.47918701172
46.185524,46.0,276,RTMPT,101977.63696289062
46.026104,46.0,286,RTMPT,105307.72589111328
45.87404,46.0,189,RTMPT,69361.54650878906
45.87404,46.0,503,RTMPT,184597.1317138672
45.87404,46.0,1395,RTMPT,511954.27185058594
45.87404,46.0,716,RTMPT,262766.49365234375
45.87404,46.0,290,RTMPT,106427.76977539062
45.87404,46.0,201,RTMPT,73765.45422363281
45.87404,46.0,275,RTMPT,100922.88513183594
45.87404,46.0,289,RTMPT,106060.77746582031
45.87404,46.0,1269,RTMPT,465713.24084472656
45.87404,46.0,270,RTMPT,99087.92358398438
45.87404,46.0,280,RTMPT,102757.8466796875
45.87404,46.0,296,RTMPT,108629.7236328125
45.87404,46.0,487,RTMPT,178725.2547607422
45.87404,46.0,182,RTMPT,66792.60034179688
45.87404,46.0,1503,RTMPT,551589.4412841797
45.87404,46.0,285,RTMPT,104592.80822753906
45.87404,46.0,450,RTMPT,165146.53930664062
45.87404,46.0,278,RTMPT,102023.86206054688
45.87404,46.0,1101,RTMPT,404058.53283691406
45.87404,46.0,278,RTMPT,102023.86206054688
45.87404,46.0,278,RTMPT,102023.86206054688
45.87404,46.0,214,RTMPT,78536.35424804688
45.87404,46.0,480,RTMPT,176156.30859375
45.87404,46.0,971,RTMPT,356349.53259277344
45.87404,46.0,575,RTMPT,211020.5780029297
45.87404,46.0,289,RTMPT,106060.77746582031
45.87404,46.0,1263,RTMPT,463511.2869873047
45.87404,46.0,277,RTMPT,101656.86975097656
45.87404,46.0,407,RTMPT,149365.8699951172
45.87404,46.0,275,RTMPT,100922.88513183594
45.87404,46.0,999,RTMPT,366625.3172607422
45.87404,46.0,469,RTMPT,172119.39318847656
45.87404,39.0,203,RTMPT,74499.43884277344
45.87404,39.0,295,RTMPT,108262.73132324219
45.87404,39.0,1283,RTMPT,470851.13317871094
45.87404,39.0,265,RTMPT,97252.96203613281
45.87404,39.0,475,RTMPT,174321.34704589844
45.197163,39.0,285,RTMPT,103049.53079223633
44.425213,39.0,352,RTMPT,125101.3994140625
43.66978,39.0,278,RTMPT,97121.5923461914
42.979763,39.0,1032,RTMPT,354840.9235839844
42.371735,39.0,478,RTMPT,162029.51318359375
41.79681,39.0,259,RTMPT,86602.99063110352
41.26469,39.0,545,RTMPT,179914.05014038086
40.785915,39.0,282,RTMPT,92013.02508544922
40.345974,39.0,1202,RTMPT,387966.88568115234
39.932774,39.0,269,RTMPT,85935.32876586914
39.932774,39.0,260,RTMPT,83060.16906738281
39.932774,39.0,276,RTMPT,88171.56408691406
39.932774,39.0,251,RTMPT,80185.00936889648
39.932774,39.0,138,RTMPT,44085.78204345703
39.932774,39.0,503,RTMPT,160689.48092651367
39.932774,39.0,858,RTMPT,274098.5579223633
39.932774,39.0,651,RTMPT,207969.88485717773
39.932774,39.0,261,RTMPT,83379.63125610352
39.932774,39.0,909,RTMPT,290391.12954711914
39.932774,39.0,277,RTMPT,88491.02627563477
39.932774,39.0,261,RTMPT,83379.63125610352
39.932774,39.0,410,RTMPT,130979.49737548828
39.932774,39.0,290,RTMPT,92644.0347290039
39.932774,39.0,952,RTMPT,304128.0036621094
39.932774,39.0,509,RTMPT,162606.2540588379
39.932774,39.0,226,RTMPT,72198.4546508789
39.932774,39.0,1324,RTMPT,422967.93786621094
39.932774,39.0,280,RTMPT,89449.41284179688
39.932774,39.0,478,RTMPT,152702.9262084961
39.932774,39.0,266,RTMPT,84976.94219970703
39.932774,39.0,936,RTMPT,299016.6086425781
39.932774,39.0,287,RTMPT,91685.6481628418
39.932774,39.0,271,RTMPT,86574.25314331055
39.932774,39.0,252,RTMPT,80504.47155761719
39.932774,43.0,473,RTMPT,151105.61526489258
39.932774,43.0,1029,RTMPT,328726.5921936035
39.932774,43.0,685,RTMPT,218831.59927368164
39.932774,43.0,271,RTMPT,86574.25314331055
39.932774,43.0,1197,RTMPT,382396.23989868164
40.321487,43.0,291,RTMPT,93868.42272949219
40.783924,43.0,272,RTMPT,88745.81884765625
41.25229,43.0,481,RTMPT,158738.80737304688
41.691235,43.0,982,RTMPT,327526.33892822266
42.084854,43.0,485,RTMPT,163289.23400878906
42.430145,43.0,266,RTMPT,90291.34912109375
42.731716,43.0,1244,RTMPT,425266.0391845703
42.998245,43.0,269,RTMPT,92532.22375488281
43.240074,43.0,471,RTMPT,162928.59942626953
43.466637,43.0,262,RTMPT,91106.07043457031
43.466637,43.0,178,RTMPT,61896.49060058594
43.466637,43.0,285,RTMPT,99103.93157958984
43.466637,43.0,279,RTMPT,97017.53302001953
43.466637,43.0,4170,TCP,1450046.9989013672
43.466637,43.0,949,RTMPT,329998.7055053711
43.466637,43.0,530,RTMPT,184298.53942871094
43.466637,43.0,541,RTMPT,188123.60345458984
43.466637,43.0,275,RTMPT,95626.60064697266
43.466637,43.0,795,RTMPT,276447.8091430664
43.466637,43.0,502,RTMPT,174562.0128173828
43.466637,43.0,341,RTMPT,118576.9848022461
43.466637,43.0,274,RTMPT,95278.86755371094
43.466637,43.0,886,RTMPT,308091.5206298828
43.466637,43.0,802,RTMPT,278881.94079589844
43.466637,43.0,1040,RTMPT,361642.4169921875
43.466637,43.0,273,RTMPT,94931.13446044922
43.466637,43.0,402,RTMPT,139788.70349121094
43.466637,43.0,294,RTMPT,102233.52941894531
43.466637,43.0,836,RTMPT,290704.8659667969
43.466637,43.0,496,RTMPT,172475.6142578125
43.466637,43.0,185,RTMPT,64330.62225341797
43.466637,43.0,1214,RTMPT,422147.97521972656
43.466637,43.0,269,RTMPT,93540.20208740234
43.466637,43.0,387,RTMPT,134572.70709228516
43.466637,43.0,295,RTMPT,102581.26251220703
43.466637,43.0,1139,RTMPT,396067.99322509766
43.466637,43.0,262,RTMPT,91106.07043457031
43.466637,43.0,187,RTMPT,65026.088439941406
43.466637,43.0,1514,RTMPT,526467.9031982422
43.466637,43.0,405,RTMPT,140831.9027709961
43.466637,43.0,1514,RTMPT,526467.9031982422
43.466637,43.0,633,RTMPT,220115.04803466797
43.466637,43.0,127,RTMPT,44162.10284423828
43.466637,43.0,476,RTMPT,165520.95239257812
43.466637,43.0,1004,RTMPT,349124.0256347656
43.466637,43.0,674,RTMPT,234372.10485839844
43.466637,43.0,297,RTMPT,103276.72869873047
43.466637,43.0,338,RTMPT,117533.78552246094
43.466637,43.0,283,RTMPT,98408.4653930664
43.466637,43.0,1114,RTMPT,387374.6658935547
43.466637,43.0,252,RTMPT,87628.73950195312
43.466637,43.0,244,RTMPT,84846.87475585938
43.466637,43.0,480,RTMPT,166911.884765625
43.466637,43.0,168,RTMPT,58419.15966796875
43.466637,43.0,1514,RTMPT,526467.9031982422
43.466637,43.0,157,RTMPT,54594.095642089844
43.466637,43.0,282,RTMPT,98060.73229980469
43.466637,43.0,537,RTMPT,186732.67108154297
43.466637,43.0,292,RTMPT,101538.06323242188
43.466637,43.0,613,RTMPT,213160.3861694336
43.466637,43.0,1044,RTMPT,363033.3493652344
43.466637,43.0,485,RTMPT,168650.5502319336
43.466637,43.0,298,RTMPT,103624.46179199219
43.466637,43.0,628,RTMPT,218376.38256835938
43.466637,43.0,266,RTMPT,92497.00280761719
43.466637,43.0,886,RTMPT,308091.5206298828
43.466637,43.0,264,RTMPT,91801.53662109375
43.466637,43.0,1253,RTMPT,435709.5658569336
43.466637,43.0,290,RTMPT,100842.59704589844
43.466637,43.0,286,RTMPT,99451.66467285156
43.466637,43.0,532,RTMPT,184994.00561523438
43.466637,43.0,414,RTMPT,143961.50061035156
43.466637,43.0,1152,RTMPT,400588.5234375
43.466637,43.0,278,RTMPT,96669.79992675781
43.466637,43.0,454,RTMPT,157870.8243408203
43.466637,43.0,278,RTMPT,96669.79992675781
43.466637,43.0,1249,RTMPT,434318.6334838867
43.466637,43.0,277,RTMPT,96322.0668334961
43.466637,43.0,326,RTMPT,113360.98840332031
43.466637,43.0,486,RTMPT,168998.2833251953
43.466637,43.0,205,RTMPT,71285.28411865234
43.466637,51.0,1047,RTMPT,364076.54864501953
43.466637,51.0,279,RTMPT,97017.53302001953
43.466637,51.0,1195,RTMPT,415541.0464477539
43.466637,51.0,295,RTMPT,102581.26251220703
43.466637,51.0,486,RTMPT,168998.2833251953
44.24541,51.0,285,RTMPT,100879.53689575195
45.14459,51.0,196,RTMPT,70786.71472167969
46.029938,51.0,503,RTMPT,185224.46948242188
46.83529,51.0,724,RTMPT,271269.9938964844
47.536648,51.0,646,RTMPT,245669.39581298828
48.1364,51.0,263,RTMPT,101278.98205566406
48.652596,51.0,985,RTMPT,383382.4526977539
49.112713,51.0,282,RTMPT,110798.28021240234
49.548237,51.0,280,RTMPT,110988.05053710938
50.078434,51.0,472,RTMPT,189096.16674804688
50.078434,51.0,284,RTMPT,113778.20202636719
50.078434,51.0,397,RTMPT,159049.10635375977
50.078434,51.0,279,RTMPT,111775.06466674805
50.078434,51.0,1445,RTMPT,578906.6969299316
50.078434,51.0,260,RTMPT,104163.14270019531
50.078434,51.0,1387,RTMPT,555670.3035583496
50.078434,51.0,498,RTMPT,199512.4810180664
50.078434,51.0,282,RTMPT,112976.94708251953
50.078434,51.0,212,RTMPT,84933.02404785156
50.078434,51.0,499,RTMPT,199913.10848999023
50.078434,51.0,770,RTMPT,308483.15338134766
50.078434,51.0,1514,RTMPT,606549.9924926758
50.078434,51.0,657,RTMPT,263212.2490539551
50.078434,51.0,299,RTMPT,119787.61410522461
50.078434,51.0,286,RTMPT,114579.45697021484
50.078434,51.0,259,RTMPT,103762.51522827148
50.078434,51.0,284,RTMPT,113778.20202636719
50.078434,51.0,184,RTMPT,73715.45483398438
50.078434,51.0,504,RTMPT,201916.24584960938
50.078434,51.0,990,RTMPT,396621.19720458984
50.078434,51.0,290,RTMPT,116181.96685791016
50.078434,51.0,464,RTMPT,185891.14697265625
50.078434,51.0,277,RTMPT,110973.80972290039
50.078434,51.0,338,RTMPT,135412.0855102539
50.078438,51.0,311,RTMPT,124595.15325927734
50.078438,51.0,950,RTMPT,380596.12731933594
50.078434,51.0,489,RTMPT,195906.83377075195
50.078434,51.0,440,RTMPT,176276.08764648438
50.078434,51.0,342,RTMPT,137014.59539794922
50.078434,51.0,241,RTMPT,96551.22073364258
50.078434,51.0,1212,RTMPT,485560.4959716797
50.078434,51.0,271,RTMPT,108570.04489135742
50.078434,51.0,483,RTMPT,193503.06893920898
50.078434,51.0,294,RTMPT,117784.47674560547
50.078434,51.0,179,RTMPT,71712.31747436523
50.078434,51.0,497,RTMPT,199111.85354614258
50.078434,52.0,983,RTMPT,393816.80490112305
50.078434,52.0,689,RTMPT,276032.3281555176
50.078434,52.0,279,RTMPT,111775.06466674805
50.078434,52.0,194,RTMPT,77721.72955322266
50.078434,52.0,281,RTMPT,112576.3196105957
50.174217,52.0,268,RTMPT,107573.52172851562
50.289898,52.0,1128,RTMPT,453816.0388183594
50.40736,52.0,275,RTMPT,110896.19216918945
50.518246,52.0,240,RTMPT,96995.03173828125
50.619682,52.0,538,RTMPT,217867.11267089844
50.71193,52.0,142,RTMPT,57608.751708984375
50.7968,52.0,1512,RTMPT,614438.0771484375
50.87665,52.0,268,RTMPT,109079.54138183594
50.95361,52.0,475,RTMPT,193623.7159729004
51.02896,52.0,266,RTMPT,108589.62939453125
51.02896,52.0,146,RTMPT,59601.82666015625
51.02896,52.0,274,RTMPT,111855.48291015625
51.02896,52.0,277,RTMPT,113080.17797851562
51.02896,52.0,952,RTMPT,388636.568359375
51.02896,52.0,484,RTMPT,197584.1376953125
51.02896,52.0,244,RTMPT,99608.5322265625
51.02896,52.0,538,RTMPT,219628.64892578125
51.02896,52.0,281,RTMPT,114713.10473632812
51.02896,52.0,672,RTMPT,274331.6953125
51.02896,52.0,287,RTMPT,117162.49487304688
51.02896,52.0,283,RTMPT,115529.56811523438
51.02896,52.0,996,RTMPT,406598.7626953125
51.02896,52.0,272,RTMPT,111039.01953125
51.02896,52.0,283,RTMPT,115529.56811523438
51.02896,52.0,236,RTMPT,96342.6787109375
51.02896,52.0,492,RTMPT,200849.9912109375
51.02896,52.0,164,RTMPT,66949.9970703125
51.02896,52.0,277,RTMPT,113080.17797851562
51.02896,52.0,1124,RTMPT,458852.4189453125
51.02896,52.0,282,RTMPT,115121.33642578125
51.02896,52.0,267,RTMPT,108997.86108398438
51.02896,52.0,285,RTMPT,116346.03149414062
51.02896,52.0,278,RTMPT,113488.40966796875
51.02896,52.0,379,RTMPT,154719.81030273438
51.02896,52.0,288,RTMPT,117570.7265625
51.02896,52.0,546,RTMPT,222894.50244140625
51.02896,52.0,490,RTMPT,200033.52783203125
51.02896,52.0,4170,TCP,1702326.1450195312
51.02896,52.0,2962,RTMPT,1209182.2641601562
51.02896,52.0,307,RTMPT,125327.12866210938
51.02896,52.0,279,RTMPT,113896.64135742188
51.02896,52.0,538,RTMPT,219628.64892578125
51.02896,52.0,249,RTMPT,101649.69067382812
51.02896,52.0,286,RTMPT,116754.26318359375
51.02896,52.0,491,RTMPT,200441.75952148438
51.02896,52.0,261,RTMPT,106548.47094726562
51.02896,52.0,268,RTMPT,109406.0927734375
51.02896,36.0,1987,RTMPT,811156.3669433594
51.02896,36.0,477,RTMPT,194726.51586914062
51.02896,36.0,621,RTMPT,253511.87915039062
51.02896,36.0,909,RTMPT,371082.6057128906
51.02896,36.0,284,RTMPT,115937.7998046875
49.50514,36.0,1514,TCP,599606.2362670898
47.579834,36.0,792,RTMPT,301465.828125
45.751846,36.0,282,RTMPT,103216.16528320312
44.14523,36.0,841,RTMPT,297009.1029968262
42.745182,36.0,285,RTMPT,97459.01504516602
41.5328,36.0,281,RTMPT,93365.73162841797
40.33791,36.0,758,RTMPT,244609.0844116211
39.228638,36.0,500,RTMPT,156914.55078125
38.270065,36.0,2099,RTMPT,642630.9366455078
37.46287,36.0,1065,RTMPT,319183.6656188965
37.46287,36.0,293,RTMPT,87812.97091674805
37.46287,36.0,707,RTMPT,211890.00149536133
37.46287,36.0,257,RTMPT,77023.66390991211
37.46287,36.0,264,RTMPT,79121.58471679688
37.46287,36.0,1514,TCP,453750.3002319336
37.46287,36.0,676,RTMPT,202599.20935058594
37.46287,36.0,282,RTMPT,84516.23822021484
37.46287,36.0,572,RTMPT,171430.10021972656
37.46287,36.0,509,RTMPT,152548.81295776367
37.46287,36.0,448,RTMPT,134266.931640625
37.46287,36.0,1514,RTMPT,453750.3002319336
37.46287,36.0,893,RTMPT,267634.7543640137
37.46287,36.0,279,RTMPT,83617.12930297852
37.46287,36.0,527,RTMPT,157943.46646118164
37.46287,36.0,281,RTMPT,84216.53524780273
37.46287,36.0,280,RTMPT,83916.83227539062
37.46287,36.0,601,RTMPT,180121.48641967773
37.46287,36.0,280,RTMPT,83916.83227539062
37.46287,36.0,279,RTMPT,83617.12930297852
37.46287,36.0,1890,RTMPT,566438.6178588867
37.46287,36.0,920,RTMPT,275726.7346191406
37.46287,53.0,265,RTMPT,79421.28768920898
37.46287,53.0,593,RTMPT,177723.86264038086
37.46287,53.0,275,RTMPT,82418.31741333008
37.46287,53.0,1514,TCP,453750.3002319336
37.46287,53.0,427,RTMPT,127973.1692199707
39.04413,53.0,264,RTMPT,82461.19921875
40.934834,53.0,867,RTMPT,283924.0053405762
42.921387,53.0,277,RTMPT,95113.79296875
44.78931,53.0,520,RTMPT,186323.53149414062
46.426434,53.0,1514,RTMPT,562316.9633178711
47.807068,53.0,691,RTMPT,264277.47119140625
48.889797,53.0,283,RTMPT,110686.50088500977
49.843853,53.0,652,RTMPT,259985.5372314453
50.756428,53.0,280,RTMPT,113694.39819335938
52.08547,53.0,693,RTMPT,288761.8362121582
52.08547,53.0,277,RTMPT,115421.3977355957
52.08547,53.0,1678,RTMPT,699195.3263549805
52.08547,53.0,472,RTMPT,196674.72827148438
52.08547,53.0,389,RTMPT,162089.97732543945
52.08547,53.0,904,RTMPT,376682.1066894531
52.08547,53.0,251,RTMPT,104587.62033081055
52.08547,53.0,1618,RTMPT,674194.301574707
52.08547,53.0,287,RTMPT,119588.23519897461
52.08547,53.0,284,RTMPT,118338.18395996094
52.08547,53.0,769,RTMPT,320429.8009338379
52.08547,53.0,258,RTMPT,107504.40655517578
52.08547,53.0,292,RTMPT,121671.65393066406
52.08547,53.0,505,RTMPT,210425.29190063477
52.08547,53.0,1542,RTMPT,642526.3368530273
52.08547,53.0,908,RTMPT,378348.8416748047
52.08547,53.0,1514,RTMPT,630859.1919555664
52.08547,53.0,1198,RTMPT,499187.12811279297
52.08547,53.0,282,RTMPT,117504.81646728516
52.08547,53.0,928,RTMPT,386682.5166015625
52.08547,53.0,271,RTMPT,112921.29525756836
52.08547,53.0,1514,RTMPT,630859.1919555664
52.08547,53.0,1302,RTMPT,542522.2377319336
52.08547,53.0,1514,RTMPT,630859.1919555664
52.08547,53.0,910,RTMPT,379182.20916748047
52.08547,53.0,526,RTMPT,219175.65057373047
52.08547,53.0,283,RTMPT,117921.50021362305
52.08547,53.0,1514,RTMPT,630859.1919555664
52.08547,53.0,1514,RTMPT,630859.1919555664
52.08547,53.0,797,RTMPT,332096.9458312988
52.08547,53.0,1514,RTMPT,630859.1919555664
52.08547,53.0,248,RTMPT,103337.56909179688
52.08547,53.0,278,RTMPT,115838.0814819336
52.08547,53.0,596,RTMPT,248343.5128173828
52.08547,53.0,277,RTMPT,115421.3977355957
52.08547,53.0,2962,TCP,1234217.256652832
52.08547,53.0,1514,TCP,630859.1919555664
52.08547,53.0,834,RTMPT,347514.2444458008
52.08547,53.0,248,RTMPT,103337.56909179688
52.08547,59.0,1411,RTMPT,587940.7660827637
52.08547,59.0,282,RTMPT,117504.81646728516
52.08547,59.0,259,RTMPT,107921.09030151367
52.08547,59.0,470,RTMPT,195841.3607788086
52.08547,59.0,296,RTMPT,123338.38891601562
52.68085,59.0,1323,RTMPT,557574.1268005371
53.42599,59.0,286,RTMPT,122238.6675415039
54.165897,59.0,623,RTMPT,269962.8324890137
54.91989,59.0,285,RTMPT,125217.35229492188
55.667152,59.0,383,RTMPT,170564.15496826172
56.27341,59.0,477,RTMPT,214739.33560180664
56.86444,59.0,972,RTMPT,442177.892578125
57.473988,59.0,896,RTMPT,411973.54296875
57.920082,59.0,277,RTMPT,128350.9019165039
58.4971,59.0,567,RTMPT,265342.8493652344
58.4971,59.0,273,RTMPT,127757.66821289062
58.4971,59.0,686,RTMPT,321032.08935546875
58.4971,59.0,269,RTMPT,125885.76098632812
58.4971,59.0,290,RTMPT,135713.27392578125
58.4971,59.0,630,RTMPT,294825.38818359375
58.4971,59.0,478,RTMPT,223692.91357421875
58.4971,59.0,355,RTMPT,166131.76635742188
58.4971,59.0,524,RTMPT,245219.8466796875
58.4971,59.0,294,RTMPT,137585.18115234375
58.4971,59.0,863,RTMPT,403863.9841308594
58.4971,59.0,287,RTMPT,134309.34350585938
58.4971,59.0,201,RTMPT,94063.33813476562
58.4971,59.0,298,RTMPT,139457.08837890625
58.4971,59.0,267,RTMPT,124949.80737304688
58.4971,59.0,123,RTMPT,57561.147216796875
58.4971,59.0,468,RTMPT,219013.1455078125
58.4971,59.0,116,RTMPT,54285.3095703125
58.4971,59.0,275,RTMPT,128693.62182617188
58.4971,59.0,328,RTMPT,153496.392578125
58.4971,59.0,256,RTMPT,119802.0625
58.4971,59.0,339,RTMPT,158644.13745117188
58.4971,59.0,295,RTMPT,138053.15795898438
58.4971,59.0,329,RTMPT,153964.36938476562
58.4971,59.0,285,RTMPT,133373.38989257812
58.4971,59.0,116,RTMPT,54285.3095703125
58.4971,59.0,468,RTMPT,219013.1455078125
58.4971,59.0,123,RTMPT,57561.147216796875
58.4971,59.0,2962,RTMPT,1386147.3012695312
58.4971,59.0,4410,TCP,2063777.7172851562
58.4971,59.0,4410,TCP,2063777.7172851562
58.4971,59.0,4410,TCP,2063777.7172851562
58.4971,59.0,1514,TCP,708516.8852539062
58.4971,59.0,1304,RTMPT,610241.755859375
58.4971,59.0,284,RTMPT,132905.4130859375
58.4971,59.0,3588,RTMPT,1679100.7822265625
58.4971,59.0,252,RTMPT,117930.1552734375
58.4971,59.0,292,RTMPT,136649.2275390625
58.4971,59.0,645,RTMPT,301845.0402832031
58.4971,59.0,291,RTMPT,136181.25073242188
58.4971,59.0,281,RTMPT,131501.48266601562
58.4971,59.0,587,RTMPT,274702.3854980469
58.4971,59.0,2962,RTMPT,1386147.3012695312
58.4971,59.0,992,RTMPT,464232.9921875
58.4971,59.0,256,RTMPT,119802.0625
58.4971,54.0,872,RTMPT,408075.775390625
58.4971,54.0,284,RTMPT,132905.4130859375
58.4971,54.0,2962,TCP,1386147.3012695312
58.4971,54.0,1514,TCP,708516.8852539062
58.4971,54.0,450,RTMPT,210589.56298828125
57.85913,54.0,278,RTMPT,128678.70703125
57.21253,54.0,842,RTMPT,385383.5901489258
56.64826,54.0,475,RTMPT,215263.38119506836
56.055332,54.0,684,RTMPT,306734.77770996094
55.400414,54.0,2962,RTMPT,1312768.1986083984
54.895084,54.0,1514,TCP,664889.2620239258
54.35041,54.0,552,RTMPT,240011.41259765625
53.90402,54.0,249,RTMPT,107376.80465698242
53.519283,54.0,810,RTMPT,346804.9557495117
53.156975,54.0,282,RTMPT,119922.13513183594
53.156975,54.0,265,RTMPT,112692.7865600586
53.156975,54.0,901,RTMPT,383155.4743041992
53.156975,54.0,289,RTMPT,122898.92572021484
53.156975,54.0,4073,RTMPT,1732066.8666381836
53.156975,54.0,506,RTMPT,215179.43395996094
53.156975,54.0,696,RTMPT,295978.03564453125
53.156975,54.0,1003,RTMPT,426531.5657348633
53.156975,54.0,277,RTMPT,117795.85614013672
53.156975,54.0,3900,RTMPT,1658497.6135253906
53.156975,54.0,272,RTMPT,115669.5771484375
53.156975,54.0,284,RTMPT,120772.64672851562
53.156975,54.0,953,RTMPT,405268.7758178711
53.156975,54.0,279,RTMPT,118646.3677368164
53.156975,54.0,269,RTMPT,114393.80975341797
53.156975,54.0,605,RTMPT,257279.75799560547
53.156975,54.0,490,RTMPT,208375.34118652344
53.156975,54.0,4025,RTMPT,1711654.588317871
53.156975,54.0,1275,RTMPT,542201.1428833008
53.156975,54.0,281,RTMPT,119496.8793334961
53.156975,54.0,761,RTMPT,323619.6625366211
53.156975,54.0,261,RTMPT,110991.76336669922
53.156975,54.0,282,RTMPT,119922.13513183594
53.156975,54.0,3350,RTMPT,1424606.9244384766
53.156975,54.0,276,RTMPT,117370.60034179688
53.156975,54.0,291,RTMPT,123749.43731689453
53.156975,54.0,928,RTMPT,394637.380859375
53.156975,54.0,495,RTMPT,210501.62017822266
53.156975,54.0,826,RTMPT,351261.28942871094
53.156975,54.0,1514,RTMPT,643837.2786865234
53.156975,54.0,639,RTMPT,271738.45513916016
53.156975,54.0,275,RTMPT,116945.34454345703
53.156975,54.0,4170,TCP,1773316.6790771484
53.156975,54.0,2962,TCP,1259607.6746826172
53.156975,54.0,4410,TCP,1875378.070678711
53.156975,54.0,4410,TCP,1875378.070678711
53.156975,54.0,770,RTMPT,327446.9647216797
53.156975,54.0,286,RTMPT,121623.15832519531
53.156975,54.0,1577,RTMPT,670628.3939819336
53.156975,54.0,276,RTMPT,117370.60034179688
53.156975,56.0,274,RTMPT,116520.08874511719
53.156975,56.0,313,RTMPT,133105.0648803711
53.156975,56.0,486,RTMPT,206674.31799316406
53.156975,56.0,207,RTMPT,88027.95025634766
53.156975,56.0,1514,RTMPT,643837.2786865234
53.376167,56.0,888,RTMPT,379184.29248046875
53.640583,56.0,284,RTMPT,121871.40466308594
53.905193,56.0,284,RTMPT,122472.59924316406
54.15071,56.0,287,RTMPT,124330.03259277344
54.371517,56.0,280,RTMPT,121792.19848632812
54.569016,56.0,232,RTMPT,101280.0927734375
54.74771,56.0,295,RTMPT,129204.59838867188
54.91284,56.0,277,RTMPT,121686.857421875
55.076077,56.0,2117,RTMPT,932768.4317321777
55.22503,56.0,473,RTMPT,208971.50970458984
55.22503,56.0,481,RTMPT,212505.9115600586
55.22503,56.0,908,RTMPT,401154.6105957031
55.22503,56.0,272,RTMPT,120169.6630859375
55.22503,56.0,1514,TCP,668885.5511474609
55.22503,56.0,924,RTMPT,408223.4143066406
55.22503,56.0,296,RTMPT,130772.86865234375
55.22503,56.0,567,RTMPT,250500.73150634766
55.225033,56.0,282,RTMPT,124587.67401123047
55.225033,56.0,307,RTMPT,135632.68057250977
55.22503,56.0,531,RTMPT,234595.92315673828
55.22503,56.0,2227,RTMPT,983889.1165161133
55.22503,56.0,286,RTMPT,126354.86633300781
55.22503,56.0,560,RTMPT,247408.1298828125
55.22503,56.0,286,RTMPT,126354.86633300781
55.22503,56.0,486,RTMPT,214714.91271972656
55.22503,56.0,258,RTMPT,113984.45983886719
55.22503,56.0,2058,RTMPT,909224.8773193359
55.22503,56.0,292,RTMPT,129005.66772460938
55.22503,56.0,287,RTMPT,126796.6665649414
55.22503,56.0,336,RTMPT,148444.8779296875
55.22503,56.0,482,RTMPT,212947.7117919922
55.22503,56.0,527,RTMPT,232828.7222290039
55.22503,56.0,1514,RTMPT,668885.5511474609
55.22503,56.0,993,RTMPT,438707.6303100586
55.22503,56.0,277,RTMPT,122378.66424560547
55.22503,56.0,644,RTMPT,284519.3493652344
55.22503,56.0,263,RTMPT,116193.46099853516
55.22503,56.0,282,RTMPT,124587.66540527344
55.22503,56.0,599,RTMPT,264638.33892822266
55.22503,56.0,276,RTMPT,121936.86401367188
55.22503,56.0,276,RTMPT,121936.86401367188
55.22503,56.0,1682,RTMPT,743107.9901123047
55.22503,56.0,468,RTMPT,206762.50854492188
55.22503,56.0,365,RTMPT,161257.08465576172
55.22503,56.0,775,RTMPT,342395.17974853516
55.22503,56.0,283,RTMPT,125029.46563720703
55.22503,56.0,985,RTMPT,435173.22845458984
55.22503,56.0,279,RTMPT,123262.26470947266
55.22503,56.0,278,RTMPT,122820.46447753906
55.225033,56.0,4170,TCP,1842307.0944213867
55.225033,56.0,1514,TCP,668885.5973510742
55.22503,58.0,365,RTMPT,161257.08465576172
55.22503,58.0,279,RTMPT,123262.26470947266
55.22503,58.0,2381,RTMPT,1051926.3522338867
55.22503,58.0,498,RTMPT,220016.5155029297
55.22503,58.0,835,RTMPT,368903.1936645508
55.4207,58.0,1114,RTMPT,493909.2790527344
55.687546,58.0,284,RTMPT,126522.10400390625
55.943283,58.0,1514,TCP,677585.0446777344
56.221024,58.0,1309,RTMPT,588746.5587158203
56.47527,58.0,271,RTMPT,122438.38388061523
56.64977,58.0,787,RTMPT,356666.94454956055
56.822845,58.0,271,RTMPT,123191.92895507812
57.030018,58.0,287,RTMPT,130940.92098999023
57.186832,58.0,786,RTMPT,359590.8023071289
57.313786,58.0,2962,RTMPT,1358107.462463379
57.313786,58.0,308,RTMPT,141221.16760253906
57.313786,58.0,270,RTMPT,123797.7767944336
57.313786,58.0,1505,RTMPT,690057.9780578613
57.313786,58.0,247,RTMPT,113252.04025268555
57.313786,58.0,965,RTMPT,442462.42446899414
57.313786,58.0,283,RTMPT,129758.41049194336
57.313786,58.0,294,RTMPT,134802.02362060547
57.313786,58.0,2693,RTMPT,1234768.1959533691
57.313786,58.0,473,RTMPT,216875.3645324707
57.313786,58.0,1101,RTMPT,504819.82315063477
57.313786,58.0,1374,RTMPT,629993.1307983398
57.313786,58.0,278,RTMPT,127465.85906982422
57.313786,58.0,1514,TCP,694184.5706176758
57.313786,58.0,1348,RTMPT,618071.8634033203
57.313786,58.0,285,RTMPT,130675.43106079102
57.313786,58.0,973,RTMPT,446130.50674438477
57.313786,58.0,250,RTMPT,114627.57110595703
57.313786,58.0,277,RTMPT,127007.34878540039
57.313786,58.0,3282,RTMPT,1504830.753479004
57.313786,58.0,503,RTMPT,230630.67306518555
57.313786,58.0,1392,RTMPT,638246.3159179688
57.313786,58.0,1514,RTMPT,694184.5706176758
57.313786,58.0,564,RTMPT,258599.80041503906
57.313786,58.0,271,RTMPT,124256.28707885742
57.313786,58.0,3566,RTMPT,1635047.674255371
57.313786,58.0,258,RTMPT,118295.65338134766
57.313786,58.0,278,RTMPT,127465.85906982422
57.313786,58.0,1721,RTMPT,789096.1994934082
57.313786,58.0,278,RTMPT,127465.85906982422
57.313786,58.0,282,RTMPT,129299.90020751953
57.313786,58.0,1660,RTMPT,761127.0721435547
57.313786,58.0,491,RTMPT,225128.5496520996
57.313786,58.0,2890,RTMPT,1325094.7219848633
57.313786,58.0,283,RTMPT,129758.41049194336
57.313786,58.0,1419,RTMPT,650626.0935974121
57.313786,58.0,274,RTMPT,125631.8179321289
57.313786,58.0,1514,TCP,694184.5706176758
57.313786,58.0,1514,RTMPT,694184.5706176758
57.313786,58.0,246,RTMPT,112793.52996826172
57.313786,58.0,285,RTMPT,130675.43106079102
57.313786,58.0,1433,RTMPT,657045.2375793457
57.313786,58.0,283,RTMPT,129758.41049194336
57.313786,58.0,4170,TCP,1911987.8860473633
57.313786,61.0,2962,TCP,1358107.462463379
57.313786,61.0,4410,TCP,2022030.354309082
57.313786,61.0,4410,TCP,2022030.354309082
57.313786,61.0,4410,TCP,2022030.354309082
57.313786,61.0,880,RTMPT,403489.05029296875
57.655704,61.0,2962,TCP,1366209.573791504
58.109886,61.0,1514,RTMPT,703826.9412841797
58.56368,61.0,1313,RTMPT,615152.8815002441
58.918877,61.0,2962,TCP,1396141.7010498047
59.21222,61.0,1514,TCP,717178.3994140625
59.512062,61.0,493,RTMPT,234715.5728149414
59.811237,61.0,297,RTMPT,142111.49990844727
60.08479,61.0,1357,RTMPT,652280.4723815918
60.267612,61.0,278,RTMPT,134035.17010498047
60.493084,61.0,279,RTMPT,135020.56338500977
60.493084,61.0,4170,TCP,2018049.2807006836
60.493084,61.0,1514,TCP,732692.2328491211
60.493084,61.0,800,RTMPT,387155.7373046875
60.493084,61.0,1814,RTMPT,877875.6343383789
60.493084,61.0,1514,RTMPT,732692.2328491211
60.493084,61.0,445,RTMPT,215355.37887573242
60.493084,61.0,275,RTMPT,133084.78469848633
60.493084,61.0,4170,TCP,2018049.2807006836
60.493084,61.0,1013,RTMPT,490235.95236206055
60.493084,61.0,286,RTMPT,138408.17608642578
60.493084,61.0,1429,RTMPT,691556.935760498
60.493084,61.0,284,RTMPT,137440.28674316406
60.493084,61.0,275,RTMPT,133084.78469848633
60.493084,61.0,4170,TCP,2018049.2807006836
60.493084,61.0,1511,RTMPT,731240.3988342285
60.493084,61.0,292,RTMPT,141311.84411621094
60.493084,61.0,943,RTMPT,456359.8253479004
60.493084,61.0,2962,RTMPT,1433444.1173706055
60.493084,61.0,1117,RTMPT,540566.1982116699
60.493084,61.0,290,RTMPT,140343.95477294922
60.493084,61.0,1144,RTMPT,553632.7043457031
60.493084,61.0,288,RTMPT,139376.0654296875
60.493084,61.0,937,RTMPT,453456.15731811523
60.493084,61.0,290,RTMPT,140343.95477294922
60.493084,61.0,274,RTMPT,132600.84002685547
60.493084,61.0,3907,RTMPT,1890771.8320617676
60.493084,61.0,459,RTMPT,222130.60427856445
60.493084,61.0,856,RTMPT,414256.6389160156
60.493084,61.0,284,RTMPT,137440.28674316406
60.493084,61.0,1009,RTMPT,488300.1736755371
60.493084,61.0,257,RTMPT,124373.78060913086
60.493084,61.0,1514,TCP,732692.2328491211
60.493084,61.0,864,RTMPT,418128.1962890625
60.493084,61.0,301,RTMPT,145667.34616088867
60.493084,61.0,272,RTMPT,131632.95068359375
60.493084,61.0,512,RTMPT,247779.671875
60.493084,61.0,300,RTMPT,145183.4014892578
60.493084,61.0,296,RTMPT,143247.62280273438
60.493084,61.0,2099,RTMPT,1015799.8657531738
60.493084,61.0,463,RTMPT,224066.3829650879
60.493084,61.0,1514,RTMPT,732692.2328491211
60.493084,61.0,1514,RTMPT,732692.2328491211
60.493084,61.0,776,RTMPT,375541.0651855469
60.493084,61.0,273,RTMPT,132116.8953552246
60.493084,61.0,668,RTMPT,323275.04064941406
60.493084,61.0,1514,RTMPT,732692.2328491211
60.493084,60.0,259,RTMPT,125341.66995239258
60.493084,60.0,2962,TCP,1433444.1173706055
60.493084,60.0,2962,TCP,1433444.1173706055
60.493084,60.0,1514,TCP,732692.2328491211
60.493084,60.0,1514,TCP,732692.2328491211
60.375397,60.0,2962,RTMPT,1430655.4008789062
60.236347,60.0,522,RTMPT,251546.9859008789
60.09903,60.0,949,RTMPT,456271.8322753906
59.98132,60.0,294,RTMPT,141076.06329345703
59.8854,60.0,953,RTMPT,456566.2809448242
59.80084,60.0,287,RTMPT,137302.72512817383
59.723324,60.0,3255,RTMPT,1555195.3523254395
59.641953,60.0,1392,RTMPT,664172.783203125
59.567795,60.0,253,RTMPT,120565.21667480469
59.49181,60.0,1109,RTMPT,527811.3369445801
59.49181,60.0,285,RTMPT,135641.3264465332
59.49181,60.0,3074,RTMPT,1463022.5877075195
59.49181,60.0,285,RTMPT,135641.3264465332
59.49181,60.0,282,RTMPT,134213.5230102539
59.49181,60.0,992,RTMPT,472127.0029296875
59.49181,60.0,489,RTMPT,232731.9601135254
59.49181,60.0,901,RTMPT,428816.9653625488
59.49181,60.0,279,RTMPT,132785.7195739746
59.49181,60.0,1514,TCP,720564.8008422852
59.49181,60.0,1514,RTMPT,720564.8008422852
59.49181,60.0,119,RTMPT,56636.20297241211
59.49181,60.0,299,RTMPT,142304.40914916992
59.49181,60.0,1261,RTMPT,600153.3777160645
59.49181,60.0,281,RTMPT,133737.58853149414
59.49181,60.0,961,RTMPT,457373.03408813477
59.49181,60.0,266,RTMPT,126598.57135009766
59.49181,60.0,253,RTMPT,120411.4231262207
59.49181,60.0,4170,TCP,1984646.7764282227
59.49181,60.0,2962,TCP,1409717.9260864258
59.49181,60.0,4410,TCP,2098871.0513305664
59.49181,60.0,4410,TCP,2098871.0513305664
59.49181,60.0,4410,TCP,2098871.0513305664
59.49181,60.0,4410,TCP,2098871.0513305664
59.49181,60.0,1178,RTMPT,560650.8159790039
59.491814,60.0,2212,RTMPT,1052767.1345214844
59.491814,60.0,895,RTMPT,425961.38580322266
59.49181,60.0,297,RTMPT,141352.5401916504
59.49181,60.0,634,RTMPT,301742.4595336914
59.49181,60.0,279,RTMPT,132785.7195739746
59.49181,60.0,274,RTMPT,130406.04718017578
59.49181,60.0,2176,RTMPT,1035633.42578125
59.49181,60.0,276,RTMPT,131357.9161376953
59.49181,60.0,276,RTMPT,131357.9161376953
59.49181,60.0,469,RTMPT,223213.27053833008
59.49181,60.0,481,RTMPT,228924.48428344727
59.49181,60.0,605,RTMPT,287940.3596496582
59.49181,60.0,279,RTMPT,132785.7195739746
59.49181,60.0,1514,TCP,720564.8008422852
59.49181,60.0,722,RTMPT,343624.6936645508
59.49181,60.0,287,RTMPT,136593.19540405273
59.49181,60.0,893,RTMPT,425009.4895324707
59.49181,60.0,261,RTMPT,124218.89895629883
59.49181,60.0,596,RTMPT,283656.9493408203
59.49181,60.0,278,RTMPT,132309.78509521484
59.49181,60.0,285,RTMPT,135641.3264465332
59.49181,64.0,1189,RTMPT,565886.0952453613
59.49181,64.0,473,RTMPT,225117.00845336914
59.49181,64.0,664,RTMPT,316020.4938964844
59.49181,64.0,1156,RTMPT,550180.2574462891
59.49181,64.0,288,RTMPT,137069.1298828125
59.930748,64.0,4170,TCP,1999289.7528076172
60.43863,64.0,2962,TCP,1432153.7563476562
60.966896,64.0,4410,TCP,2150912.092895508
61.43701,64.0,2962,TCP,1455811.4296875
61.86162,64.0,534,RTMPT,264272.84857177734
62.24242,64.0,261,RTMPT,129962.17337036133
62.584576,64.0,1514,TCP,758024.3803100586
62.893158,64.0,905,RTMPT,455346.4636230469
63.171585,64.0,295,RTMPT,149084.94079589844
63.42171,64.0,590,RTMPT,299350.47576904297
63.42171,64.0,480,RTMPT,243539.3701171875
63.42171,64.0,763,RTMPT,387126.1237487793
63.42171,64.0,1514,RTMPT,768163.7632446289
63.42171,64.0,921,RTMPT,467291.1664123535
63.42171,64.0,292,RTMPT,148153.11682128906
63.42171,64.0,473,RTMPT,239987.75430297852
63.42171,64.0,282,RTMPT,143079.37994384766
63.42171,64.0,255,RTMPT,129380.29037475586
63.42171,64.0,1514,TCP,768163.7632446289
63.42171,64.0,1514,RTMPT,768163.7632446289
63.42171,64.0,163,RTMPT,82701.91110229492
63.42171,64.0,292,RTMPT,148153.11682128906
63.42171,64.0,726,RTMPT,368353.2973022461
63.42171,64.0,486,RTMPT,246583.61224365234
63.42171,64.0,627,RTMPT,318123.3022155762
63.42171,64.0,1514,RTMPT,768163.7632446289
63.42171,64.0,912,RTMPT,462724.80322265625
63.42171,64.0,282,RTMPT,143079.37994384766
63.42171,64.0,505,RTMPT,256223.71231079102
63.42171,64.0,272,RTMPT,138005.64306640625
63.42171,64.0,283,RTMPT,143586.7536315918
63.42171,64.0,2526,RTMPT,1281625.9352416992
63.42171,64.0,276,RTMPT,140035.1378173828
63.42171,64.0,271,RTMPT,137498.2693786621
63.42171,64.0,643,RTMPT,326241.2812194824
63.42171,64.0,498,RTMPT,252672.09649658203
63.42171,64.0,613,RTMPT,311020.0705871582
63.42171,64.0,290,RTMPT,147138.36944580078
63.421707,64.0,1514,TCP,768163.7170410156
63.421707,64.0,907,RTMPT,460187.9071044922
63.42171,64.0,268,RTMPT,135976.1483154297
63.42171,64.0,577,RTMPT,292754.61782836914
63.42171,64.0,276,RTMPT,140035.1378173828
63.42171,64.0,279,RTMPT,141557.25888061523
63.42171,64.0,446,RTMPT,226288.66473388672
63.42171,64.0,255,RTMPT,129380.29037475586
63.42171,64.0,301,RTMPT,152719.48001098633
63.42171,64.0,1765,RTMPT,895514.5588684082
63.42171,64.0,483,RTMPT,245061.49118041992
63.42171,64.0,530,RTMPT,268908.05450439453
63.42171,64.0,1514,RTMPT,768163.7632446289
63.42171,64.0,1054,RTMPT,534771.8668823242
63.42171,64.0,274,RTMPT,139020.39044189453
63.42171,64.0,466,RTMPT,236436.13848876953
63.42171,64.0,278,RTMPT,141049.8851928711
63.42171,64.0,288,RTMPT,146123.6220703125
63.42171,64.0,1950,RTMPT,989378.6911010742
63.42171,64.0,272,RTMPT,138005.64306640625
63.42171,64.0,275,RTMPT,139527.76412963867
63.42171,53.0,606,RTMPT,307468.4547729492
63.42171,53.0,482,RTMPT,244554.11749267578
63.42171,53.0,629,RTMPT,319138.04959106445
63.42171,53.0,1405,RTMPT,712860.0312805176
63.42171,53.0,283,RTMPT,143586.7536315918
62.23545,53.0,4170,TCP,2076174.6368408203
60.897633,53.0,2962,TCP,1443030.3020629883
59.634068,53.0,4410,TCP,2103889.902648926
58.480064,53.0,4410,TCP,2063176.6717529297
57.0138,53.0,4410,TCP,2011446.919555664
55.858112,53.0,4410,TCP,1970674.2031860352
54.83871,53.0,726,RTMPT,318503.23223876953
53.78367,53.0,301,RTMPT,129511.0737915039
52.935535,53.0,2175,RTMPT,921078.3164978027
52.08547,53.0,290,RTMPT,120838.28643798828
52.08547,53.0,289,RTMPT,120421.60269165039
52.08547,53.0,599,RTMPT,249593.56405639648
52.08547,53.0,503,RTMPT,209591.92440795898
52.08547,53.0,3196,RTMPT,1331721.2532958984
52.08547,53.0,243,RTMPT,101254.15036010742
52.08547,53.0,994,RTMPT,414183.6438598633
52.08547,53.0,272,RTMPT,113337.97900390625
52.08547,53.0,2983,RTMPT,1242967.6153259277
52.08547,53.0,284,RTMPT,118338.18395996094
52.08547,53.0,277,RTMPT,115421.3977355957
52.08547,53.0,796,RTMPT,331680.26208496094
52.08547,53.0,286,RTMPT,119171.55145263672
52.08547,53.0,274,RTMPT,114171.34649658203
52.08547,53.0,2959,RTMPT,1232967.2054138184
52.08547,53.0,1163,RTMPT,484603.1969909668
52.08547,53.0,285,RTMPT,118754.86770629883
52.08547,53.0,2879,RTMPT,1199632.505706787
52.08547,53.0,279,RTMPT,116254.76522827148
52.08547,53.0,292,RTMPT,121671.65393066406
52.08547,53.0,741,RTMPT,308762.65603637695
52.08547,53.0,292,RTMPT,121671.65393066406
52.08547,53.0,250,RTMPT,104170.93658447266
52.08547,53.0,2371,RTMPT,987957.1625671387
52.08547,53.0,502,RTMPT,209175.2406616211
52.08547,53.0,821,RTMPT,342097.3557434082
52.08547,53.0,2962,RTMPT,1234217.256652832
52.08547,53.0,4410,TCP,1837575.3213500977
52.08547,53.0,4410,TCP,1837575.3213500977
52.08547,53.0,1514,TCP,630859.1919555664
52.08547,53.0,769,RTMPT,320429.8009338379
52.08547,53.0,292,RTMPT,121671.65393066406
52.08547,53.0,723,RTMPT,301262.3486022949
52.08547,53.0,295,RTMPT,122921.70516967773
52.08547,53.0,268,RTMPT,111671.24401855469
52.08547,53.0,139,RTMPT,57919.0407409668
52.08547,53.0,287,RTMPT,119588.23519897461
52.08547,53.0,289,RTMPT,120421.60269165039
52.08547,53.0,136,RTMPT,56668.989501953125
52.08547,73.0,505,RTMPT,210425.29190063477
52.08547,73.0,693,RTMPT,288761.8362121582
52.08547,73.0,582,RTMPT,242509.94036865234
52.08547,73.0,283,RTMPT,117921.50021362305
52.08547,73.0,174,RTMPT,72502.97186279297
53.99453,73.0,259,RTMPT,111876.6655883789
56.376408,73.0,251,RTMPT,113203.82650756836
58.781403,73.0,744,RTMPT,349866.908203125
61.52278,73.0,283,RTMPT,139287.5770263672
64.126915,73.0,169,RTMPT,86699.58905029297
66.52124,73.0,519,RTMPT,276196.189453125
68.725174,73.0,169,RTMPT,92916.43518066406
70.82024,73.0,869,RTMPT,492342.2821044922
72.760635,73.0,257,RTMPT,149595.8663330078
74.774704,73.0,180,RTMPT,107675.57373046875
74.774704,73.0,264,RTMPT,157924.1748046875
74.774704,73.0,292,RTMPT,174673.70849609375
74.774704,73.0,172,RTMPT,102889.99267578125
74.774704,73.0,276,RTMPT,165102.54638671875
74.774704,73.0,291,RTMPT,174075.5108642578
74.774704,73.0,4170,TCP,2494484.1247558594
74.774704,73.0,1514,TCP,905671.2145996094
74.774704,73.0,1446,RTMPT,864993.7756347656
74.774704,73.0,1020,RTMPT,610161.5844726562
74.774704,73.0,626,RTMPT,374471.7175292969
74.774704,73.0,282,RTMPT,168691.73217773438
74.774704,73.0,355,RTMPT,212360.1593017578
74.774704,73.0,278,RTMPT,166298.94165039062
74.774704,73.0,1379,RTMPT,824914.5343017578
74.774704,73.0,294,RTMPT,175870.10375976562
74.774704,73.0,247,RTMPT,147754.81506347656
74.774704,73.0,492,RTMPT,294313.23486328125
74.774704,73.0,214,RTMPT,128014.29321289062
74.774704,73.0,1514,RTMPT,905671.2145996094
74.774704,73.0,273,RTMPT,163307.95349121094
74.774704,73.0,286,RTMPT,171084.52270507812
74.774704,73.0,242,RTMPT,144763.82690429688
74.774704,73.0,273,RTMPT,163307.95349121094
74.774704,73.0,258,RTMPT,154334.98901367188
74.774704,73.0,166,RTMPT,99300.80688476562
74.774704,73.0,254,RTMPT,151942.19848632812
74.774704,73.0,300,RTMPT,179459.28955078125
74.774704,73.0,1391,RTMPT,832092.9058837891
74.774704,73.0,526,RTMPT,314651.9543457031
74.774704,73.0,277,RTMPT,165700.7440185547
74.774704,73.0,275,RTMPT,164504.3487548828
74.774704,73.0,418,RTMPT,250046.61010742188
74.774704,73.0,277,RTMPT,165700.7440185547
74.774704,73.0,1386,RTMPT,829101.9177246094
74.774704,73.0,275,RTMPT,164504.3487548828
74.774704,73.0,261,RTMPT,156129.5819091797
74.774704,73.0,269,RTMPT,160915.1629638672
74.774704,73.0,279,RTMPT,166897.13928222656
74.774704,73.0,276,RTMPT,165102.54638671875
74.774704,73.0,213,RTMPT,127416.09558105469
74.774704,73.0,274,RTMPT,163906.15112304688
74.774704,73.0,280,RTMPT,167495.3369140625
74.774704,73.0,1215,RTMPT,726810.1226806641
74.774704,73.0,643,RTMPT,384641.0772705078
74.774704,73.0,301,RTMPT,180057.4871826172
74.774704,73.0,151,RTMPT,90327.84240722656
74.774704,73.0,296,RTMPT,177066.4990234375
74.774704,73.0,276,RTMPT,165102.54638671875
74.774704,73.0,679,RTMPT,406176.19201660156
74.774704,73.0,260,RTMPT,155531.38427734375
74.774704,73.0,261,RTMPT,156129.5819091797
74.774704,73.0,307,RTMPT,183646.6729736328
74.774704,73.0,508,RTMPT,303884.39697265625
74.774704,73.0,304,RTMPT,181852.080078125
74.774704,73.0,1343,RTMPT,803379.4195556641
74.774704,73.0,294,RTMPT,175870.10375976562
74.774704,73.0,327,RTMPT,195610.62561035156
74.774704,73.0,281,RTMPT,168093.53454589844
74.774704,79.0,263,RTMPT,157325.97717285156
74.774704,79.0,539,RTMPT,322428.5235595703
74.774704,79.0,266,RTMPT,159120.57006835938
74.774704,79.0,4170,TCP,2494484.1247558594
74.774704,79.0,2962,RTMPT,1771861.3854980469
75.485016,79.0,4410,RTMPT,2663111.3598632812
76.45258,79.0,4410,RTMPT,2697247.1392822266
77.516235,79.0,4410,RTMPT,2734772.783203125
78.58737,79.0,4410,TCP,2772562.4780273438
79.604576,79.0,2962,TCP,1886310.035522461
80.51847,79.0,4410,TCP,2840691.6485595703
81.295906,79.0,2962,TCP,1926387.7901611328
81.92701,79.0,1366,RTMPT,895298.3607177734
82.423805,79.0,2962,TCP,1953114.4888916016
82.81054,79.0,1514,RTMPT,1003001.2513427734
82.81054,79.0,1208,TCP,800281.0512695312
82.81054,79.0,1285,RTMPT,851292.3434448242
82.81054,79.0,277,RTMPT,183508.15496826172
82.81054,79.0,2962,TCP,1962278.5379638672
82.81054,79.0,2962,TCP,1962278.5379638672
82.81054,79.0,1514,TCP,1003001.2513427734
82.81054,79.0,1514,TCP,1003001.2513427734
82.81054,79.0,1343,RTMPT,889716.4336547852
82.81054,79.0,290,RTMPT,192120.4510498047
82.81054,79.0,1514,TCP,1003001.2513427734
82.81054,79.0,1214,RTMPT,804255.9571533203
82.81054,79.0,275,RTMPT,182183.18634033203
82.81054,79.0,2363,RTMPT,1565450.4338989258
82.81054,79.0,500,RTMPT,331242.1569824219
82.81054,79.0,4170,TCP,2762559.5892333984
82.81054,79.0,2962,TCP,1962278.5379638672
82.81054,79.0,1514,TCP,1003001.2513427734
82.81054,79.0,2962,RTMPT,1962278.5379638672
82.81054,79.0,1186,RTMPT,785706.3963623047
82.81054,79.0,278,RTMPT,184170.63928222656
82.81054,79.0,2664,RTMPT,1764858.2124023438
82.81054,79.0,268,RTMPT,177545.79614257812
82.81054,79.0,274,RTMPT,181520.7020263672
82.81054,79.0,4170,TCP,2762559.5892333984
82.81054,79.0,2962,TCP,1962278.5379638672
82.81054,79.0,1514,TCP,1003001.2513427734
82.81054,79.0,1280,RTMPT,847979.921875
82.81054,79.0,265,RTMPT,175558.3432006836
82.81054,79.0,2822,RTMPT,1869530.734008789
82.81054,79.0,478,RTMPT,316667.5020751953
82.81054,79.0,2975,RTMPT,1970890.8340454102
82.81054,79.0,2962,RTMPT,1962278.5379638672
82.81054,79.0,4410,TCP,2921555.824584961
82.81054,79.0,1514,TCP,1003001.2513427734
82.81054,79.0,416,RTMPT,275593.474609375
82.81054,79.0,283,RTMPT,187483.06085205078
82.81054,79.0,2962,TCP,1962278.5379638672
82.81054,79.0,578,RTMPT,382915.9334716797
82.81054,79.0,291,RTMPT,192782.93536376953
82.81054,79.0,2742,RTMPT,1816531.9888916016
82.81054,79.0,507,RTMPT,335879.5471801758
82.81054,79.0,4170,TCP,2762559.5892333984
82.81054,79.0,2962,TCP,1962278.5379638672
82.81054,79.0,1514,RTMPT,1003001.2513427734
82.81054,79.0,2962,RTMPT,1962278.5379638672
82.81054,79.0,375,RTMPT,248431.6177368164
82.81054,79.0,256,RTMPT,169595.984375
82.81054,79.0,1514,TCP,1003001.2513427734
82.81054,79.0,1514,RTMPT,1003001.2513427734
82.81054,79.0,148,RTMPT,98047.67846679688
82.81054,79.0,264,RTMPT,174895.85888671875
82.81054,79.0,4170,TCP,2762559.5892333984
82.81054,79.0,2962,TCP,1962278.5379638672
82.81054,79.0,1514,TCP,1003001.2513427734
82.81054,79.0,618,RTMPT,409415.30603027344
82.81054,79.0,261,RTMPT,172908.40594482422
82.81054,79.0,2947,RTMPT,1952341.2732543945
82.81054,79.0,514,RTMPT,340516.9373779297
82.81054,79.0,2916,RTMPT,1931804.2595214844
82.81054,79.0,258,RTMPT,170920.9530029297
82.81054,79.0,2962,TCP,1962278.5379638672
82.81054,79.0,4410,TCP,2921555.824584961
82.81054,79.0,1514,TCP,1003001.2513427734
82.81054,79.0,789,RTMPT,522700.1237182617
82.81054,73.0,285,RTMPT,188808.02947998047
82.81054,73.0,2962,TCP,1962278.5379638672
82.81054,73.0,612,RTMPT,405440.4001464844
82.81054,73.0,264,RTMPT,174895.85888671875
82.81054,73.0,2962,TCP,1962278.5379638672
82.18512,73.0,679,RTMPT,446429.56982421875
81.32522,73.0,276,RTMPT,179566.08178710938
80.39056,73.0,4170,TCP,2681828.959350586
79.455154,73.0,2962,TCP,1882769.3391113281
78.54369,73.0,1514,TCP,951321.2161865234
77.66427,73.0,1514,RTMPT,940669.6199951172
76.827965,73.0,134,RTMPT,82359.57824707031
76.05406,73.0,3060,RTMPT,1861803.4350585938
75.364265,73.0,2962,RTMPT,1785831.6339111328
74.774704,73.0,625,RTMPT,373873.51989746094
74.774704,73.0,258,RTMPT,154334.98901367188
74.774704,73.0,4170,TCP,2494484.1247558594
74.774704,73.0,2962,TCP,1771861.3854980469
74.774704,73.0,1514,TCP,905671.2145996094
74.774704,73.0,995,RTMPT,595206.6436767578
74.774704,73.0,262,RTMPT,156727.77954101562
74.774704,73.0,3710,RTMPT,2219313.214111328
74.774704,73.0,283,RTMPT,169289.9298095703
74.774704,73.0,263,RTMPT,157325.97717285156
74.774704,73.0,3628,RTMPT,2170261.0083007812
74.774704,73.0,525,RTMPT,314053.7567138672
74.774704,73.0,4170,TCP,2494484.1247558594
74.774704,73.0,2962,TCP,1771861.3854980469
74.774704,73.0,1514,TCP,905671.2145996094
74.774704,73.0,1514,RTMPT,905671.2145996094
74.774704,73.0,2962,RTMPT,1771861.3854980469
74.774704,73.0,1074,RTMPT,642464.2565917969
74.774704,73.0,257,RTMPT,153736.79138183594
74.774704,73.0,2962,TCP,1771861.3854980469
74.774704,73.0,948,RTMPT,567091.3549804688
74.774704,73.0,295,RTMPT,176468.30139160156
74.774704,73.0,4170,TCP,2494484.1247558594
74.774704,73.0,2962,TCP,1771861.3854980469
74.774704,73.0,1514,TCP,905671.2145996094
74.774704,73.0,1079,RTMPT,645455.2447509766
74.774704,73.0,272,RTMPT,162709.755859375
74.774704,73.0,3339,RTMPT,1997381.8927001953
74.774704,73.0,496,RTMPT,296706.025390625
74.774704,73.0,3785,RTMPT,2264178.0364990234
74.774704,73.0,2962,RTMPT,1771861.3854980469
74.774704,73.0,4410,TCP,2638051.5563964844
74.774704,73.0,1514,RTMPT,905671.2145996094
74.774704,73.0,230,RTMPT,137585.45532226562
74.774704,73.0,288,RTMPT,172280.91796875
74.774704,73.0,3729,RTMPT,2230678.969116211
74.774704,73.0,295,RTMPT,176468.30139160156
74.774704,73.0,252,RTMPT,150745.80322265625
74.774704,73.0,3341,RTMPT,1998578.2879638672
74.774704,73.0,287,RTMPT,171682.72033691406
74.774704,73.0,282,RTMPT,168691.73217773438
74.774704,73.0,4170,TCP,2494484.1247558594
74.774704,73.0,1514,TCP,905671.2145996094
74.774704,73.0,1514,RTMPT,905671.2145996094
74.774704,73.0,222,RTMPT,132799.87426757812
74.774704,73.0,2576,RTMPT,1540957.099609375
74.774704,73.0,2962,RTMPT,1771861.3854980469
74.774704,73.0,1514,TCP,905671.2145996094
74.774704,73.0,471,RTMPT,281751.08459472656
74.774704,73.0,278,RTMPT,166298.94165039062
74.774704,73.0,2962,TCP,1771861.3854980469
74.774704,73.0,4410,TCP,2638051.5563964844
74.774704,73.0,4410,TCP,2638051.5563964844
74.774704,73.0,2962,TCP,1771861.3854980469
74.774704,73.0,1357,RTMPT,811754.1864013672
74.774704,73.0,274,RTMPT,163906.15112304688
74.774704,73.0,4170,TCP,2494484.1247558594
74.774704,73.0,1514,TCP,905671.2145996094
74.774704,73.0,1344,RTMPT,803977.6171875
74.774704,51.0,289,RTMPT,172879.11560058594
74.774704,51.0,2805,RTMPT,1677944.3572998047
74.774704,51.0,472,RTMPT,282349.2822265625
74.774704,51.0,2762,RTMPT,1652221.8591308594
74.774704,51.0,2962,RTMPT,1771861.3854980469
72.05451,51.0,2962,TCP,1707403.7169189453
68.26773,51.0,967,RTMPT,528119.1647949219
64.94712,51.0,301,RTMPT,156392.6665649414
61.946663,51.0,1514,TCP,750297.9810791016
59.389812,51.0,1514,RTMPT,719329.4086303711
57.132366,51.0,269,RTMPT,122948.85202026367
55.364895,51.0,288,RTMPT,127560.7177734375
53.42026,51.0,2962,TCP,1265846.5137329102
51.70699,51.0,2962,TCP,1225248.8181762695
50.078434,51.0,1430,RTMPT,572897.2848510742
50.078434,51.0,291,RTMPT,116582.59432983398
50.078434,51.0,3519,RTMPT,1409808.0736999512
50.078434,51.0,464,RTMPT,185891.14697265625
50.078434,51.0,4170,TCP,1670616.5579223633
50.078434,51.0,1514,TCP,606549.9924926758
50.078434,51.0,1514,RTMPT,606549.9924926758
50.078438,51.0,2962,RTMPT,1186658.6622314453
50.078438,51.0,1146,RTMPT,459119.11779785156
50.078434,51.0,293,RTMPT,117383.84927368164
50.078434,51.0,4170,TCP,1670616.5579223633
50.078434,51.0,2962,TCP,1186658.571838379
50.078434,51.0,4410,TCP,1766767.151184082
50.078434,51.0,4410,TCP,1766767.151184082
50.078434,51.0,4410,TCP,1766767.151184082
50.078434,51.0,4410,TCP,1766767.151184082
50.078434,51.0,778,RTMPT,311688.1731567383
50.078434,51.0,285,RTMPT,114178.82949829102
50.078434,51.0,456,RTMPT,182686.12719726562
50.078434,51.0,274,RTMPT,109771.9273071289
50.078434,51.0,250,RTMPT,100156.86798095703
50.078434,51.0,120,RTMPT,48075.296630859375
50.078434,51.0,466,RTMPT,186692.4019165039
50.078434,51.0,133,RTMPT,53283.45376586914
50.078434,51.0,1400,RTMPT,560878.4606933594
50.078434,51.0,288,RTMPT,115380.7119140625
50.078434,51.0,156,RTMPT,62497.88562011719
50.078434,51.0,277,RTMPT,110973.80972290039
50.078434,51.0,289,RTMPT,115781.33938598633
50.078434,51.0,167,RTMPT,66904.7878112793
50.078434,51.0,276,RTMPT,110573.18225097656
50.078434,51.0,262,RTMPT,104964.39764404297
50.078434,51.0,988,RTMPT,395819.9422607422
50.078434,51.0,571,RTMPT,228758.28646850586
50.078434,51.0,262,RTMPT,104964.39764404297
50.078434,51.0,157,RTMPT,62898.513092041016
50.078434,51.0,283,RTMPT,113377.57455444336
50.078434,56.0,265,RTMPT,106166.28005981445
50.078434,56.0,1180,RTMPT,472740.4168701172
50.078438,56.0,268,RTMPT,107368.17065429688
50.078438,56.0,288,RTMPT,115380.720703125
50.078434,56.0,184,RTMPT,73715.45483398438
50.557938,56.0,285,RTMPT,115272.09777832031
51.13892,56.0,267,RTMPT,109232.73275756836
51.731823,56.0,161,RTMPT,66630.58798217773
52.29644,56.0,1514,RTMPT,633414.4827880859
52.887634,56.0,370,RTMPT,156547.3974609375
53.443512,56.0,282,RTMPT,120568.56298828125
53.986446,56.0,403,RTMPT,174052.30313110352
54.45634,56.0,280,RTMPT,121982.20336914062
54.846127,56.0,385,RTMPT,168926.06979370117
55.22503,56.0,277,RTMPT,122378.66424560547
55.22503,56.0,1369,RTMPT,604824.5175170898
55.22503,56.0,482,RTMPT,212947.7117919922
55.22503,56.0,170,RTMPT,75106.03942871094
55.22503,56.0,569,RTMPT,251384.33197021484
55.22503,56.0,273,RTMPT,120611.4633178711
55.22503,56.0,1426,RTMPT,630007.1307373047
55.22503,56.0,260,RTMPT,114868.06030273438
55.22503,56.0,168,RTMPT,74222.43896484375
55.22503,56.0,257,RTMPT,113542.6596069336
55.22503,56.0,266,RTMPT,117518.86169433594
55.22503,56.0,139,RTMPT,61410.23223876953
55.22503,56.0,508,RTMPT,224434.51782226562
55.22503,56.0,1253,RTMPT,553575.690612793
55.22503,56.0,616,RTMPT,272148.94287109375
55.22503,56.0,284,RTMPT,125471.26586914062
55.22503,56.0,154,RTMPT,68037.23571777344
55.22503,56.0,270,RTMPT,119286.06262207031
55.22503,56.0,254,RTMPT,112217.25891113281
55.22503,56.0,1287,RTMPT,568596.8984985352
55.225033,56.0,295,RTMPT,130331.0774230957
55.225033,56.0,299,RTMPT,132098.2784729004
55.22503,56.0,167,RTMPT,73780.63873291016
55.22503,56.0,497,RTMPT,219574.7152709961
55.22503,56.0,151,RTMPT,66711.83502197266
55.22503,56.0,1514,RTMPT,668885.5511474609
55.22503,56.0,269,RTMPT,118844.26239013672
55.22503,56.0,266,RTMPT,117518.86169433594
55.22503,56.0,430,RTMPT,189974.0997314453
55.22503,56.0,291,RTMPT,128563.86749267578
55.22503,56.0,165,RTMPT,72897.03826904297
55.22503,56.0,284,RTMPT,125471.26586914062
55.22503,56.0,288,RTMPT,127238.466796875
55.22503,56.0,1065,RTMPT,470517.24700927734
55.22503,56.0,501,RTMPT,221341.91619873047
55.22503,56.0,177,RTMPT,78198.6410522461
55.22503,56.0,601,RTMPT,265521.93939208984
55.22503,56.0,279,RTMPT,123262.26470947266
55.22503,56.0,1019,RTMPT,450194.43634033203
55.22503,56.0,284,RTMPT,125471.26586914062
55.22503,56.0,283,RTMPT,125029.46563720703
55.22503,56.0,401,RTMPT,177161.8930053711
55.22503,62.0,268,RTMPT,118402.46215820312
55.22503,62.0,192,RTMPT,84825.64453125
55.22503,62.0,484,RTMPT,213831.31225585938
55.22503,62.0,866,RTMPT,382599.0008544922
55.22503,62.0,624,RTMPT,275683.3447265625
55.81501,62.0,283,RTMPT,126365.18280029297
56.595108,62.0,372,RTMPT,168427.04150390625
57.36783,62.0,287,RTMPT,131716.53393554688
58.118282,62.0,881,RTMPT,409617.6537780762
58.857864,62.0,280,RTMPT,131841.6162109375
59.54507,62.0,206,RTMPT,98130.27642822266
60.135838,62.0,265,RTMPT,127487.97561645508
60.631413,62.0,288,RTMPT,139694.7744140625
61.084194,62.0,188,RTMPT,91870.62805175781
61.49466,62.0,931,RTMPT,458012.2233886719
61.49466,62.0,287,RTMPT,141191.73803710938
61.49466,62.0,233,RTMPT,114626.04516601562
61.49466,62.0,269,RTMPT,132336.50708007812
61.49466,62.0,277,RTMPT,136272.16528320312
61.49466,62.0,482,RTMPT,237123.40673828125
61.49466,62.0,276,RTMPT,135780.2080078125
61.49466,62.0,229,RTMPT,112658.21606445312
61.49466,62.0,472,RTMPT,232203.833984375
61.49466,62.0,4170,TCP,2051461.8383789062
61.49466,62.0,2962,TCP,1457177.4497070312
61.49466,62.0,4410,TCP,2169531.5844726562
61.49466,62.0,1514,TCP,744823.3149414062
61.49466,62.0,991,RTMPT,487529.6599121094
61.49466,62.0,2962,TCP,1457177.4497070312
61.49466,62.0,764,RTMPT,375855.3583984375
61.49466,62.0,279,RTMPT,137256.07983398438
61.49466,62.0,1713,RTMPT,842722.8127441406
61.49466,62.0,276,RTMPT,135780.2080078125
61.49466,62.0,283,RTMPT,139223.90893554688
61.49466,62.0,4170,TCP,2051461.8383789062
61.49466,62.0,908,RTMPT,446697.2060546875
61.49466,62.0,269,RTMPT,132336.50708007812
61.49466,62.0,1961,RTMPT,964728.2170410156
61.49466,62.0,501,RTMPT,246470.59497070312
61.49466,62.0,1833,RTMPT,901757.6857910156
61.49466,62.0,2962,RTMPT,1457177.4497070312
61.49466,62.0,1506,RTMPT,740887.6567382812
61.49466,62.0,282,RTMPT,138731.95166015625
61.49466,62.0,1514,TCP,744823.3149414062
61.49466,62.0,361,RTMPT,177596.57641601562
61.49466,62.0,279,RTMPT,137256.07983398438
61.49466,62.0,1673,RTMPT,823044.5217285156
61.49466,62.0,282,RTMPT,138731.95166015625
61.49466,62.0,249,RTMPT,122497.36157226562
61.49466,62.0,4170,TCP,2051461.8383789062
61.49466,62.0,535,RTMPT,263197.1423339844
61.49466,62.0,1807,RTMPT,888966.7966308594
61.49466,62.0,1514,RTMPT,744823.3149414062
61.49466,62.0,813,RTMPT,399961.2648925781
61.49466,62.0,257,RTMPT,126433.01977539062
61.49466,62.0,2962,TCP,1457177.4497070312
61.49466,62.0,1426,RTMPT,701531.0747070312
61.49466,62.0,276,RTMPT,135780.2080078125
61.49466,62.0,1877,RTMPT,923403.8059082031
61.49466,62.0,266,RTMPT,130860.63525390625
61.49466,62.0,283,RTMPT,139223.90893554688
61.49466,62.0,1879,RTMPT,924387.7204589844
61.49466,63.0,480,RTMPT,236139.4921875
61.49466,63.0,4170,TCP,2051461.8383789062
61.49466,63.0,1514,RTMPT,744823.3149414062
61.49466,63.0,1507,RTMPT,741379.6140136719
61.49466,63.0,286,RTMPT,140699.78076171875
61.602684,63.0,2127,RTMPT,1048231.2713012695
61.730556,63.0,280,RTMPT,138276.44653320312
61.857136,63.0,274,RTMPT,135590.84161376953
61.973892,63.0,4170,TCP,2067449.0441894531
62.078735,63.0,783,RTMPT,388861.1982421875
62.17244,63.0,289,RTMPT,143742.68029785156
62.256752,63.0,2195,RTMPT,1093228.5653686523
62.333473,63.0,1514,RTMPT,754983.0274658203
62.403988,63.0,929,RTMPT,463786.4379577637
62.469215,63.0,282,RTMPT,140930.5499267578
62.469215,63.0,2962,TCP,1480270.5279541016
62.469215,63.0,1514,RTMPT,756627.1368408203
62.469215,63.0,115,RTMPT,57471.678161621094
62.469215,63.0,279,RTMPT,139431.28875732422
62.469215,63.0,1875,RTMPT,937038.2308959961
62.469215,63.0,286,RTMPT,142929.56481933594
62.469215,63.0,272,RTMPT,135933.0126953125
62.469215,63.0,2161,RTMPT,1079967.795715332
62.469215,63.0,464,RTMPT,231885.7275390625
62.469215,63.0,4170,TCP,2083973.0255126953
62.469215,63.0,1514,RTMPT,756627.1368408203
62.469215,63.0,1514,RTMPT,756627.1368408203
62.469215,63.0,119,RTMPT,59470.69305419922
62.469215,63.0,278,RTMPT,138931.5350341797
62.469215,63.0,2962,TCP,1480270.5279541016
62.469215,63.0,1514,TCP,756627.1368408203
62.469215,63.0,1514,RTMPT,756627.1368408203
62.469215,63.0,174,RTMPT,86957.14782714844
62.469215,63.0,286,RTMPT,142929.56481933594
62.469215,63.0,1514,TCP,756627.1368408203
62.469215,63.0,908,RTMPT,453776.3806152344
62.469215,63.0,266,RTMPT,132934.4903564453
62.469215,63.0,1933,RTMPT,966023.9468383789
62.469215,63.0,487,RTMPT,243380.06317138672
62.469215,63.0,4170,TCP,2083973.0255126953
62.469215,63.0,1514,RTMPT,756627.1368408203
62.469215,63.0,1133,RTMPT,566220.9683227539
62.469215,63.0,285,RTMPT,142429.8110961914
62.469215,63.0,1514,TCP,756627.1368408203
62.46921,63.0,682,RTMPT,340832.01837158203
62.46921,63.0,295,RTMPT,147427.33932495117
62.469215,63.0,2962,TCP,1480270.5279541016
62.469215,63.0,1450,RTMPT,724642.8985595703
62.469215,63.0,279,RTMPT,139431.28875732422
62.469215,63.0,1387,RTMPT,693158.4140014648
62.469215,63.0,476,RTMPT,237882.77221679688
62.469215,63.0,4170,TCP,2083973.0255126953
62.469215,63.0,2962,RTMPT,1480270.5279541016
62.469215,63.0,276,RTMPT,137932.02758789062
62.469215,63.0,280,RTMPT,139931.04248046875
62.469215,63.0,1514,TCP,756627.1368408203
62.469215,63.0,832,RTMPT,415795.09765625
62.469215,63.0,263,RTMPT,131435.22918701172
62.469215,63.0,2962,TCP,1480270.5279541016
62.469215,63.0,1514,TCP,756627.1368408203
62.469215,63.0,596,RTMPT,297853.2189941406
62.469215,63.0,285,RTMPT,142429.8110961914
62.469215,63.0,1977,RTMPT,988013.1106567383
62.469215,64.0,476,RTMPT,237882.77221679688
62.469215,64.0,4170,TCP,2083973.0255126953
62.469215,64.0,1514,RTMPT,756627.1368408203
62.469215,64.0,1514,RTMPT,756627.1368408203
62.469215,64.0,173,RTMPT,86457.3941040039
62.576675,64.0,290,RTMPT,145177.88696289062
62.70392,64.0,2962,TCP,1485832.0517578125
62.82944,64.0,1514,TCP,760990.190246582
62.94461,64.0,1386,RTMPT,697929.8422851562
63.047356,64.0,259,RTMPT,130634.12091064453
63.138485,64.0,1514,TCP,764733.3297729492
63.219822,64.0,882,RTMPT,446079.06353759766
63.293198,64.0,254,RTMPT,128611.77758789062
63.36015,64.0,1926,RTMPT,976253.1817016602
63.421707,64.0,488,RTMPT,247598.3447265625
63.42171,64.0,3840,RTMPT,1948314.9609375
63.42171,64.0,1514,RTMPT,768163.7632446289
63.42171,64.0,610,RTMPT,309497.9495239258
63.42171,64.0,259,RTMPT,131409.78512573242
63.42171,64.0,1530,RTMPT,776281.7422485352
63.42171,64.0,289,RTMPT,146630.99575805664
63.42171,64.0,284,RTMPT,144094.12731933594
63.42171,64.0,2962,TCP,1502840.8630981445
63.42171,64.0,1514,RTMPT,768163.7632446289
63.42171,64.0,348,RTMPT,176566.04333496094
63.42171,64.0,1691,RTMPT,857968.9059753418
63.42171,64.0,275,RTMPT,139527.76412963867
63.42171,64.0,276,RTMPT,140035.1378173828
63.42171,64.0,1514,TCP,768163.7632446289
63.42171,64.0,442,RTMPT,224259.16998291016
63.42171,64.0,2962,TCP,1502840.8630981445
63.42171,64.0,1514,TCP,768163.7632446289
63.42171,64.0,547,RTMPT,277533.4071960449
63.42171,64.0,283,RTMPT,143586.7536315918
63.42171,64.0,1514,TCP,768163.7632446289
63.42171,64.0,495,RTMPT,251149.9754333496
63.42171,64.0,261,RTMPT,132424.5325012207
63.42171,64.0,1578,RTMPT,800635.6792602539
63.42171,64.0,282,RTMPT,143079.37994384766
63.42171,64.0,279,RTMPT,141557.25888061523
63.42171,64.0,4170,TCP,2115748.2778930664
63.42171,64.0,1136,RTMPT,576376.5092773438
63.42171,64.0,1514,TCP,768163.7632446289
63.42171,64.0,1514,RTMPT,768163.7632446289
63.42171,64.0,1428,RTMPT,724529.6260986328
63.421707,64.0,276,RTMPT,140035.12939453125
63.421707,64.0,4170,TCP,2115748.1506347656
63.42171,64.0,654,RTMPT,331822.39178466797
63.42171,64.0,253,RTMPT,128365.54299926758
63.42171,64.0,1614,RTMPT,818901.132019043
63.42171,64.0,261,RTMPT,132424.5325012207
63.42171,64.0,276,RTMPT,140035.1378173828
63.42171,64.0,4170,TCP,2115748.2778930664
63.42171,64.0,1305,RTMPT,662122.6625061035
63.42171,64.0,1446,RTMPT,733662.3524780273
63.42171,64.0,2962,RTMPT,1502840.8630981445
63.42171,64.0,1315,RTMPT,667196.3993835449
63.42171,64.0,257,RTMPT,130395.03775024414
63.42171,64.0,1648,RTMPT,836151.8374023438
63.42171,64.0,282,RTMPT,143079.37994384766
63.42171,64.0,287,RTMPT,145616.24838256836
63.42171,64.0,1593,RTMPT,808246.284576416
63.42171,64.0,278,RTMPT,141049.8851928711
63.42171,64.0,279,RTMPT,141557.25888061523
63.42171,62.0,3704,RTMPT,1879312.1394042969
63.42171,62.0,482,RTMPT,244554.11749267578
63.42171,62.0,1579,RTMPT,801143.052947998
63.42171,62.0,281,RTMPT,142572.00625610352
63.42171,62.0,1514,TCP,768163.7632446289
63.207638,62.0,288,RTMPT,145630.3974609375
62.953606,62.0,289,RTMPT,145548.73626708984
62.703625,62.0,2962,TCP,1485825.0914916992
62.474976,62.0,668,RTMPT,333866.26953125
62.27092,62.0,282,RTMPT,140483.19506835938
62.088657,62.0,1526,RTMPT,757978.329284668
61.923603,62.0,251,RTMPT,124342.59494018555
61.771454,62.0,282,RTMPT,139356.39990234375
61.62907,62.0,1472,RTMPT,725743.931640625
61.49466,62.0,512,RTMPT,251882.125
61.49466,62.0,4170,TCP,2051461.8383789062
61.49466,62.0,2962,TCP,1457177.4497070312
61.49466,62.0,4410,TCP,2169531.5844726562
61.49466,62.0,2962,TCP,1457177.4497070312
61.49466,62.0,1073,RTMPT,527870.1564941406
61.49466,62.0,2962,TCP,1457177.4497070312
61.49466,62.0,581,RTMPT,285827.1770019531
61.49466,62.0,283,RTMPT,139223.90893554688
61.49466,62.0,1360,RTMPT,669061.89453125
61.49466,62.0,257,RTMPT,126433.01977539062
61.49466,62.0,3937,RTMPT,1936835.7932128906
61.49466,62.0,509,RTMPT,250406.25317382812
61.49466,62.0,1494,RTMPT,734984.1694335938
61.49466,62.0,1514,RTMPT,744823.3149414062
61.49466,62.0,515,RTMPT,253357.99682617188
61.49466,62.0,259,RTMPT,127416.93432617188
61.49466,62.0,2962,TCP,1457177.4497070312
61.49466,62.0,1514,RTMPT,744823.3149414062
61.49466,62.0,127,RTMPT,62478.573974609375
61.49466,62.0,257,RTMPT,126433.01977539062
61.49466,62.0,1514,TCP,744823.3149414062
61.49466,62.0,378,RTMPT,185959.85009765625
61.49466,62.0,281,RTMPT,138239.99438476562
61.49466,62.0,1509,RTMPT,742363.5285644531
61.49466,62.0,486,RTMPT,239091.23583984375
61.49466,62.0,4170,TCP,2051461.8383789062
61.49466,62.0,639,RTMPT,314360.6989746094
61.49466,62.0,1514,TCP,744823.3149414062
61.49466,62.0,419,RTMPT,206130.09838867188
61.49466,62.0,285,RTMPT,140207.82348632812
61.49466,62.0,1633,RTMPT,803366.2307128906
61.49466,62.0,285,RTMPT,140207.82348632812
61.49466,62.0,252,RTMPT,123973.2333984375
61.49466,62.0,2962,TCP,1457177.4497070312
61.49466,62.0,1514,RTMPT,744823.3149414062
61.49466,62.0,110,RTMPT,54115.30029296875
61.49466,62.0,295,RTMPT,145127.39624023438
61.49466,62.0,1894,RTMPT,931767.0795898438
61.49466,62.0,487,RTMPT,239583.19311523438
61.49466,62.0,1844,RTMPT,907169.2158203125
61.49466,62.0,305,RTMPT,150046.96899414062
61.49466,62.0,2962,TCP,1457177.4497070312
61.49466,62.0,1514,RTMPT,744823.3149414062
61.49466,62.0,115,RTMPT,56575.086669921875
61.49466,62.0,275,RTMPT,135288.25073242188
61.49466,62.0,1514,TCP,744823.3149414062
61.49466,62.0,415,RTMPT,204162.26928710938
61.49466,59.0,274,RTMPT,134796.29345703125
61.49466,59.0,4170,TCP,2051461.8383789062
61.49466,59.0,565,RTMPT,277955.8605957031
61.49466,59.0,282,RTMPT,138731.95166015625
61.49466,59.0,1849,RTMPT,909629.0021972656
61.16965,59.0,520,RTMPT,254465.74829101562
60.784348,59.0,1812,RTMPT,881129.9018554688
60.38855,59.0,2962,RTMPT,1430967.076171875
60.00867,59.0,1462,RTMPT,701861.4137573242
59.679173,59.0,281,RTMPT,134158.77981567383
59.44573,59.0,1514,TCP,720006.6611938477
59.23551,59.0,336,RTMPT,159225.0556640625
59.009705,59.0,290,RTMPT,136902.5146484375
58.76244,59.0,1492,RTMPT,701388.4805908203
58.4971,59.0,267,RTMPT,124949.80737304688
58.4971,59.0,251,RTMPT,117462.17846679688
58.4971,59.0,4170,TCP,1951463.2836914062
58.4971,59.0,499,RTMPT,233520.42651367188
58.4971,59.0,1303,RTMPT,609773.7790527344
58.4971,59.0,2962,RTMPT,1386147.3012695312
58.4971,59.0,1514,TCP,708516.8852539062
58.4971,59.0,1292,RTMPT,604626.0341796875
58.4971,59.0,288,RTMPT,134777.3203125
58.4971,59.0,1820,RTMPT,851717.7880859375
58.4971,59.0,285,RTMPT,133373.38989257812
58.4971,59.0,283,RTMPT,132437.43627929688
58.4971,59.0,1605,RTMPT,751102.7746582031
58.4971,59.0,284,RTMPT,132905.4130859375
58.4971,59.0,274,RTMPT,128225.64501953125
58.4971,59.0,4170,TCP,1951463.2836914062
58.4971,59.0,1514,RTMPT,708516.8852539062
58.4971,59.0,137,RTMPT,64112.822509765625
58.4971,59.0,1609,RTMPT,752974.6818847656
58.4971,59.0,1514,RTMPT,708516.8852539062
58.4971,59.0,432,RTMPT,202165.98046875
58.4971,59.0,281,RTMPT,131501.48266601562
58.4971,59.0,2962,TCP,1386147.3012695312
58.4971,59.0,1514,TCP,708516.8852539062
58.4971,59.0,524,RTMPT,245219.8466796875
58.4971,59.0,258,RTMPT,120738.01611328125
58.4971,59.0,1189,RTMPT,556424.4230957031
58.4971,59.0,288,RTMPT,134777.3203125
58.4971,59.0,284,RTMPT,132905.4130859375
58.4971,59.0,1264,RTMPT,591522.68359375
58.4971,59.0,496,RTMPT,232116.49609375
58.4971,59.0,4170,TCP,1951463.2836914062
58.4971,59.0,1514,RTMPT,708516.8852539062
58.4971,59.0,611,RTMPT,285933.8288574219
58.4971,59.0,251,RTMPT,117462.17846679688
58.4971,59.0,1280,RTMPT,599010.3125
58.4971,59.0,267,RTMPT,124949.80737304688
58.4971,59.0,4170,TCP,1951463.2836914062
58.4971,59.0,1068,RTMPT,499799.2294921875
58.4971,59.0,262,RTMPT,122609.92333984375
58.4971,59.0,1032,RTMPT,482952.064453125
58.4971,59.0,475,RTMPT,222288.98315429688
58.4971,59.0,997,RTMPT,466572.8762207031
58.4971,59.0,2962,RTMPT,1386147.3012695312
58.4971,59.0,1514,TCP,708516.8852539062
58.4971,60.0,788,RTMPT,368765.7236328125
58.4971,60.0,265,RTMPT,124013.85375976562
58.4971,60.0,1294,RTMPT,605561.9877929688
58.4971,60.0,288,RTMPT,134777.3203125
58.4971,60.0,272,RTMPT,127289.69140625
58.62575,60.0,1063,RTMPT,498553.39071655273
58.755203,60.0,285,RTMPT,133961.8634033203
58.880703,60.0,283,RTMPT,133305.91152954102
58.99327,60.0,3667,RTMPT,1730626.5943603516
59.090935,60.0,475,RTMPT,224545.55206298828
59.18078,60.0,972,RTMPT,460189.7336425781
59.264465,60.0,1215,RTMPT,576050.6030273438
59.343597,60.0,264,RTMPT,125333.677734375
59.41926,60.0,3833,RTMPT,1822032.1309204102
59.49181,60.0,279,RTMPT,132785.7195739746
59.49181,60.0,286,RTMPT,136117.26092529297
59.49181,60.0,1031,RTMPT,490688.44760131836
59.49181,60.0,284,RTMPT,135165.39196777344
59.49181,60.0,289,RTMPT,137545.06436157227
59.49181,60.0,1074,RTMPT,511153.6301879883
59.491814,60.0,2962,RTMPT,1409718.0164794922
59.491814,60.0,1491,RTMPT,709618.3533325195
59.49181,60.0,280,RTMPT,133261.65405273438
59.49181,60.0,1280,RTMPT,609196.1328125
59.49181,60.0,271,RTMPT,128978.24374389648
59.49181,60.0,291,RTMPT,138496.9333190918
59.49181,60.0,1514,RTMPT,720564.8008422852
59.49181,60.0,72,RTMPT,34267.282470703125
59.49181,60.0,286,RTMPT,136117.26092529297
59.49181,60.0,4170,TCP,1984646.7764282227
59.49181,60.0,536,RTMPT,255100.88061523438
59.49181,60.0,261,RTMPT,124218.89895629883
59.49181,60.0,1331,RTMPT,633468.791229248
59.49181,60.0,1514,RTMPT,720564.8008422852
59.49181,60.0,206,RTMPT,98042.50262451172
59.49181,60.0,277,RTMPT,131833.85061645508
59.49181,60.0,3636,RTMPT,1730497.7647705078
59.49181,60.0,259,RTMPT,123267.0299987793
59.49181,60.0,293,RTMPT,139448.80227661133
59.49181,60.0,1514,RTMPT,720564.8008422852
59.49181,60.0,287,RTMPT,136593.19540405273
59.49181,60.0,297,RTMPT,141352.5401916504
59.49181,60.0,1200,RTMPT,571121.3745117188
59.49181,60.0,497,RTMPT,236539.43594360352
59.49181,60.0,4170,TCP,1984646.7764282227
59.49181,60.0,1514,RTMPT,720564.8008422852
59.49181,60.0,165,RTMPT,78529.18899536133
59.49181,60.0,283,RTMPT,134689.45748901367
59.49181,60.0,1426,RTMPT,678682.5667114258
59.49181,60.0,271,RTMPT,128978.24374389648
59.49181,60.0,2962,TCP,1409717.9260864258
59.49181,60.0,1514,TCP,720564.8008422852
59.491814,60.0,632,RTMPT,300790.60986328125
59.491814,60.0,278,RTMPT,132309.79357910156
59.49181,60.0,1599,RTMPT,761019.2315368652
59.49181,60.0,472,RTMPT,224641.07397460938
59.49181,60.0,1646,RTMPT,783388.1520385742
59.49181,60.0,2962,RTMPT,1409717.9260864258
59.49181,60.0,1514,TCP,720564.8008422852
59.49181,60.0,739,RTMPT,351715.5798034668
59.49181,42.0,283,RTMPT,134689.45748901367
59.49181,42.0,1644,RTMPT,782436.2830810547
59.49181,42.0,1514,RTMPT,720564.8008422852
59.49181,42.0,879,RTMPT,418346.406829834
59.49181,42.0,290,RTMPT,138020.99884033203
57.584686,42.0,2962,TCP,1364526.7260742188
55.43944,42.0,1274,TCP,565038.7896118164
52.783348,42.0,1137,RTMPT,480117.33416748047
50.484207,42.0,1514,TCP,611464.7170410156
48.515247,42.0,1514,RTMPT,587616.6758422852
46.96809,42.0,1514,RTMPT,568877.5067749023
45.78674,42.0,2962,RTMPT,1084962.5756225586
44.563755,42.0,1514,RTMPT,539756.2009887695
43.578407,42.0,106,RTMPT,36954.48937988281
42.59307,42.0,287,RTMPT,97793.6909790039
42.59307,42.0,1514,TCP,515887.27575683594
42.59307,42.0,468,RTMPT,159468.45776367188
42.59307,42.0,269,RTMPT,91660.28875732422
42.59307,42.0,1737,RTMPT,591873.3143920898
42.59307,42.0,478,RTMPT,162875.9034423828
42.59307,42.0,2962,TCP,1009285.4100341797
42.59307,42.0,984,RTMPT,335292.65478515625
42.59307,42.0,1514,RTMPT,515887.27575683594
42.59307,42.0,493,RTMPT,167987.07196044922
42.59307,42.0,281,RTMPT,95749.22357177734
42.59307,42.0,2962,TCP,1009285.4100341797
42.59307,42.0,291,RTMPT,99156.66925048828
42.59307,42.0,268,RTMPT,91319.54418945312
42.59307,42.0,275,RTMPT,93704.75616455078
42.59307,42.0,1514,TCP,515887.27575683594
42.59307,42.0,486,RTMPT,165601.85998535156
42.59307,42.0,286,RTMPT,97452.94641113281
42.59307,42.0,1804,RTMPT,614703.2004394531
42.59307,42.0,479,RTMPT,163216.6480102539
42.59307,42.0,4170,TCP,1420904.848022461
42.59307,42.0,2962,TCP,1009285.4100341797
42.59307,42.0,1514,TCP,515887.27575683594
42.59307,42.0,788,RTMPT,268506.7194824219
42.59307,42.0,847,RTMPT,288610.6489868164
42.59307,42.0,278,RTMPT,94726.98986816406
42.59307,42.0,539,RTMPT,183661.32208251953
42.59307,42.0,289,RTMPT,98475.1801147461
